name,alias,id,review_count,rating,url,location,coordinates
Terra Cafe,terra-cafe-brooklyn-3,Wi3BncxVwN4z02JxmjZ4Lw,158,4.0,https://www.yelp.com/biz/terra-cafe-brooklyn-3?adjust_creative=bMPz0NoFK6qQZAimQncxVw&utm_campaign=yelp_api_v3&utm_medium=api_v3_graphql&utm_source=bMPz0NoFK6qQZAimQncxVw,"{'city': 'Brooklyn', 'postal_code': '11235'}","{'latitude': 40.5856, 'longitude': -73.95178}"
La Vue,la-vue-brooklyn,4pNgTzw8Ru4bW7hXAeO6eA,136,3.5,https://www.yelp.com/biz/la-vue-brooklyn?adjust_creative=bMPz0NoFK6qQZAimQncxVw&utm_campaign=yelp_api_v3&utm_medium=api_v3_graphql&utm_source=bMPz0NoFK6qQZAimQncxVw,"{'city': 'Brooklyn', 'postal_code': '11235'}","{'latitude': 40.58395, 'longitude': -73.93277}"
The Bayhouse,the-bayhouse-breezy-point,6c5jmCgWThXLrywOYrg0rw,44,3.5,https://www.yelp.com/biz/the-bayhouse-breezy-point?adjust_creative=bMPz0NoFK6qQZAimQncxVw&utm_campaign=yelp_api_v3&utm_medium=api_v3_graphql&utm_source=bMPz0NoFK6qQZAimQncxVw,"{'city': 'Breezy Point', 'postal_code': '11697'}","{'latitude': 40.564737, 'longitude': -73.911621}"
Emmons Palace,emmons-palace-brooklyn,LvjjUEovF5l7g4Lxw3GgTA,155,3.0,https://www.yelp.com/biz/emmons-palace-brooklyn?adjust_creative=bMPz0NoFK6qQZAimQncxVw&utm_campaign=yelp_api_v3&utm_medium=api_v3_graphql&utm_source=bMPz0NoFK6qQZAimQncxVw,"{'city': 'Brooklyn', 'postal_code': '11235'}","{'latitude': 40.58393, 'longitude': -73.94427}"
The Gather Inn Again,the-gather-inn-again-brooklyn,HUSbdxCau6rw1eIyYvdsHQ,33,4.0,https://www.yelp.com/biz/the-gather-inn-again-brooklyn?adjust_creative=bMPz0NoFK6qQZAimQncxVw&utm_campaign=yelp_api_v3&utm_medium=api_v3_graphql&utm_source=bMPz0NoFK6qQZAimQncxVw,"{'city': 'Brooklyn', 'postal_code': '11229'}","{'latitude': 40.5928247988916, 'longitude': -73.9252458686653}"
The Sugar Bowl,the-sugar-bowl-breezy-point,AyRkC5wo2aD0PMouTMPQPQ,13,3.5,https://www.yelp.com/biz/the-sugar-bowl-breezy-point?adjust_creative=bMPz0NoFK6qQZAimQncxVw&utm_campaign=yelp_api_v3&utm_medium=api_v3_graphql&utm_source=bMPz0NoFK6qQZAimQncxVw,"{'city': 'Breezy Point', 'postal_code': '11697'}","{'latitude': 40.5565912882499, 'longitude': -73.9137625694275}"
Applebee's Grill + Bar,applebees-grill-bar-brooklyn-7,44ke2pcmgaBRXsh__ESVzA,198,2.5,https://www.yelp.com/biz/applebees-grill-bar-brooklyn-7?adjust_creative=bMPz0NoFK6qQZAimQncxVw&utm_campaign=yelp_api_v3&utm_medium=api_v3_graphql&utm_source=bMPz0NoFK6qQZAimQncxVw,"{'city': 'Brooklyn', 'postal_code': '11235'}","{'latitude': 40.583966, 'longitude': -73.943284}"
Tabu Lounge,tabu-lounge-brooklyn-2,yCirollWTa6vns7wmlxwXg,63,3.5,https://www.yelp.com/biz/tabu-lounge-brooklyn-2?adjust_creative=bMPz0NoFK6qQZAimQncxVw&utm_campaign=yelp_api_v3&utm_medium=api_v3_graphql&utm_source=bMPz0NoFK6qQZAimQncxVw,"{'city': 'Brooklyn', 'postal_code': '11235'}","{'latitude': 40.59325, 'longitude': -73.94795}"
Zamaan,zamaan-brooklyn,-dILzdbETB5vFhd4uHn1lg,19,4.0,https://www.yelp.com/biz/zamaan-brooklyn?adjust_creative=bMPz0NoFK6qQZAimQncxVw&utm_campaign=yelp_api_v3&utm_medium=api_v3_graphql&utm_source=bMPz0NoFK6qQZAimQncxVw,"{'city': 'Brooklyn', 'postal_code': '11235'}","{'latitude': 40.5927499766836, 'longitude': -73.9479399472475}"
Blarney Castle,blarney-castle-breezy-point-2,QrkZMWzshbMuR0rC4JjqqA,10,3.5,https://www.yelp.com/biz/blarney-castle-breezy-point-2?adjust_creative=bMPz0NoFK6qQZAimQncxVw&utm_campaign=yelp_api_v3&utm_medium=api_v3_graphql&utm_source=bMPz0NoFK6qQZAimQncxVw,"{'city': 'Breezy Point', 'postal_code': '11697'}","{'latitude': 40.5608959, 'longitude': -73.9114797}"
Falada Lounge,falada-lounge-brooklyn,IJPtbTjtS3AMU-Uaj4IfQw,61,2.5,https://www.yelp.com/biz/falada-lounge-brooklyn?adjust_creative=bMPz0NoFK6qQZAimQncxVw&utm_campaign=yelp_api_v3&utm_medium=api_v3_graphql&utm_source=bMPz0NoFK6qQZAimQncxVw,"{'city': 'Brooklyn', 'postal_code': '11235'}","{'latitude': 40.5838899, 'longitude': -73.94784}"
End Zone Sports Bar & Lounge,end-zone-sports-bar-and-lounge-brooklyn-2,fiAlkC97QY9bUNOghKT9lQ,6,5.0,https://www.yelp.com/biz/end-zone-sports-bar-and-lounge-brooklyn-2?adjust_creative=bMPz0NoFK6qQZAimQncxVw&utm_campaign=yelp_api_v3&utm_medium=api_v3_graphql&utm_source=bMPz0NoFK6qQZAimQncxVw,"{'city': 'Brooklyn', 'postal_code': '11235'}","{'latitude': 40.58437, 'longitude': -73.9453}"
Tap Beer,tap-beer-brooklyn-4,xokJMmYZ53dWMgKBiiPGGg,18,3.0,https://www.yelp.com/biz/tap-beer-brooklyn-4?adjust_creative=bMPz0NoFK6qQZAimQncxVw&utm_campaign=yelp_api_v3&utm_medium=api_v3_graphql&utm_source=bMPz0NoFK6qQZAimQncxVw,"{'city': 'Brooklyn', 'postal_code': '11235'}","{'latitude': 40.584169, 'longitude': -73.950576}"
Crab Du Jour Xpress - Brooklyn,crab-du-jour-xpress-brooklyn-brooklyn,M2p0mB8yWNKY9QBMcGcCgw,6,3.0,https://www.yelp.com/biz/crab-du-jour-xpress-brooklyn-brooklyn?adjust_creative=bMPz0NoFK6qQZAimQncxVw&utm_campaign=yelp_api_v3&utm_medium=api_v3_graphql&utm_source=bMPz0NoFK6qQZAimQncxVw,"{'city': 'Brooklyn', 'postal_code': '11235'}","{'latitude': 40.590552, 'longitude': -73.939303}"
Beach Bar,beach-bar-brooklyn-2,jUJwVMKnE9gzqhMizTz84Q,3,3.5,https://www.yelp.com/biz/beach-bar-brooklyn-2?adjust_creative=bMPz0NoFK6qQZAimQncxVw&utm_campaign=yelp_api_v3&utm_medium=api_v3_graphql&utm_source=bMPz0NoFK6qQZAimQncxVw,"{'city': 'Brooklyn', 'postal_code': '11229'}","{'latitude': 40.592744, 'longitude': -73.925346}"
Tamaqua Bar & Marina,tamaqua-bar-and-marina-brooklyn,SCTIio8NX0WJVrKA-8DuXw,1,5.0,https://www.yelp.com/biz/tamaqua-bar-and-marina-brooklyn?adjust_creative=bMPz0NoFK6qQZAimQncxVw&utm_campaign=yelp_api_v3&utm_medium=api_v3_graphql&utm_source=bMPz0NoFK6qQZAimQncxVw,"{'city': 'Brooklyn', 'postal_code': '11229'}","{'latitude': 40.5939674377441, 'longitude': -73.9299163818359}"
Penthouse Lounge Bar,penthouse-lounge-bar-brooklyn,JJ0vb8jp3Qj91ESPiuj66g,4,3.0,https://www.yelp.com/biz/penthouse-lounge-bar-brooklyn?adjust_creative=bMPz0NoFK6qQZAimQncxVw&utm_campaign=yelp_api_v3&utm_medium=api_v3_graphql&utm_source=bMPz0NoFK6qQZAimQncxVw,"{'city': 'Brooklyn', 'postal_code': '11235'}","{'latitude': 40.583995, 'longitude': -73.94697}"
Night Light Cafe,night-light-cafe-brooklyn,JnrgD8ywRZriVIXWJQlq6g,1,3.0,https://www.yelp.com/biz/night-light-cafe-brooklyn?adjust_creative=bMPz0NoFK6qQZAimQncxVw&utm_campaign=yelp_api_v3&utm_medium=api_v3_graphql&utm_source=bMPz0NoFK6qQZAimQncxVw,"{'city': 'Brooklyn', 'postal_code': '11235'}","{'latitude': 40.5864334106445, 'longitude': -73.951904296875}"
Duff on the Rocks,duff-on-the-rocks-new-york-2,7lNVKMnWGmsaHgOJTVIeqg,1,5.0,https://www.yelp.com/biz/duff-on-the-rocks-new-york-2?adjust_creative=bMPz0NoFK6qQZAimQncxVw&utm_campaign=yelp_api_v3&utm_medium=api_v3_graphql&utm_source=bMPz0NoFK6qQZAimQncxVw,"{'city': 'New York', 'postal_code': '10128'}","{'latitude': 40.7808418273926, 'longitude': -73.9511032104492}"
Nap TIme Liquid Creation,nap-time-liquid-creation-blauvelt,xygb0i04Ug0-V0flZ7gEDg,3,4.5,https://www.yelp.com/biz/nap-time-liquid-creation-blauvelt?adjust_creative=bMPz0NoFK6qQZAimQncxVw&utm_campaign=yelp_api_v3&utm_medium=api_v3_graphql&utm_source=bMPz0NoFK6qQZAimQncxVw,"{'city': 'Blauvelt', 'postal_code': '10913'}","{'latitude': 41.07956, 'longitude': -73.95426}"
