name,alias,id,review_count,rating,url,location,coordinates
Terra Cafe,terra-cafe-brooklyn-3,Wi3BncxVwN4z02JxmjZ4Lw,158,4.0,https://www.yelp.com/biz/terra-cafe-brooklyn-3?adjust_creative=bMPz0NoFK6qQZAimQncxVw&utm_campaign=yelp_api_v3&utm_medium=api_v3_graphql&utm_source=bMPz0NoFK6qQZAimQncxVw,"{'city': 'Brooklyn', 'postal_code': '11235'}","{'latitude': 40.5856, 'longitude': -73.95178}"
Tete A Tete,tete-a-tete-brooklyn,F1T2WFjUUC0PlRYRuE4ZSw,247,3.5,https://www.yelp.com/biz/tete-a-tete-brooklyn?adjust_creative=bMPz0NoFK6qQZAimQncxVw&utm_campaign=yelp_api_v3&utm_medium=api_v3_graphql&utm_source=bMPz0NoFK6qQZAimQncxVw,"{'city': 'Brooklyn', 'postal_code': '11235'}","{'latitude': 40.5875314772129, 'longitude': -73.9551550894976}"
Anyway Cafe,anyway-cafe-brooklyn,vlbcANpA_kT3nFsa6971Zg,111,4.0,https://www.yelp.com/biz/anyway-cafe-brooklyn?adjust_creative=bMPz0NoFK6qQZAimQncxVw&utm_campaign=yelp_api_v3&utm_medium=api_v3_graphql&utm_source=bMPz0NoFK6qQZAimQncxVw,"{'city': 'Brooklyn', 'postal_code': '11229'}","{'latitude': 40.594936, 'longitude': -73.954414}"
Vis à Vis Restaurant and Lounge,vis-à-vis-restaurant-and-lounge-brooklyn,VMknjkbfktlH3Yd7q40ckg,97,4.0,https://www.yelp.com/biz/vis-%C3%A0-vis-restaurant-and-lounge-brooklyn?adjust_creative=bMPz0NoFK6qQZAimQncxVw&utm_campaign=yelp_api_v3&utm_medium=api_v3_graphql&utm_source=bMPz0NoFK6qQZAimQncxVw,"{'city': 'Brooklyn', 'postal_code': '11235'}","{'latitude': 40.57589, 'longitude': -73.969356}"
La Vue,la-vue-brooklyn,4pNgTzw8Ru4bW7hXAeO6eA,136,3.5,https://www.yelp.com/biz/la-vue-brooklyn?adjust_creative=bMPz0NoFK6qQZAimQncxVw&utm_campaign=yelp_api_v3&utm_medium=api_v3_graphql&utm_source=bMPz0NoFK6qQZAimQncxVw,"{'city': 'Brooklyn', 'postal_code': '11235'}","{'latitude': 40.58395, 'longitude': -73.93277}"
Russian Baths on Neck Road,russian-baths-on-neck-road-brooklyn,moK8qANVn1gQcF-fnPRnWg,61,4.0,https://www.yelp.com/biz/russian-baths-on-neck-road-brooklyn?adjust_creative=bMPz0NoFK6qQZAimQncxVw&utm_campaign=yelp_api_v3&utm_medium=api_v3_graphql&utm_source=bMPz0NoFK6qQZAimQncxVw,"{'city': 'Brooklyn', 'postal_code': '11229'}","{'latitude': 40.59424, 'longitude': -73.95788}"
Emmons Palace,emmons-palace-brooklyn,LvjjUEovF5l7g4Lxw3GgTA,155,3.0,https://www.yelp.com/biz/emmons-palace-brooklyn?adjust_creative=bMPz0NoFK6qQZAimQncxVw&utm_campaign=yelp_api_v3&utm_medium=api_v3_graphql&utm_source=bMPz0NoFK6qQZAimQncxVw,"{'city': 'Brooklyn', 'postal_code': '11235'}","{'latitude': 40.58393, 'longitude': -73.94427}"
Applebee's Grill + Bar,applebees-grill-bar-brooklyn-7,44ke2pcmgaBRXsh__ESVzA,198,2.5,https://www.yelp.com/biz/applebees-grill-bar-brooklyn-7?adjust_creative=bMPz0NoFK6qQZAimQncxVw&utm_campaign=yelp_api_v3&utm_medium=api_v3_graphql&utm_source=bMPz0NoFK6qQZAimQncxVw,"{'city': 'Brooklyn', 'postal_code': '11235'}","{'latitude': 40.583966, 'longitude': -73.943284}"
Tabu Lounge,tabu-lounge-brooklyn-2,yCirollWTa6vns7wmlxwXg,63,3.5,https://www.yelp.com/biz/tabu-lounge-brooklyn-2?adjust_creative=bMPz0NoFK6qQZAimQncxVw&utm_campaign=yelp_api_v3&utm_medium=api_v3_graphql&utm_source=bMPz0NoFK6qQZAimQncxVw,"{'city': 'Brooklyn', 'postal_code': '11235'}","{'latitude': 40.59325, 'longitude': -73.94795}"
Zamaan,zamaan-brooklyn,-dILzdbETB5vFhd4uHn1lg,19,4.0,https://www.yelp.com/biz/zamaan-brooklyn?adjust_creative=bMPz0NoFK6qQZAimQncxVw&utm_campaign=yelp_api_v3&utm_medium=api_v3_graphql&utm_source=bMPz0NoFK6qQZAimQncxVw,"{'city': 'Brooklyn', 'postal_code': '11235'}","{'latitude': 40.5927499766836, 'longitude': -73.9479399472475}"
Falada Lounge,falada-lounge-brooklyn,IJPtbTjtS3AMU-Uaj4IfQw,61,2.5,https://www.yelp.com/biz/falada-lounge-brooklyn?adjust_creative=bMPz0NoFK6qQZAimQncxVw&utm_campaign=yelp_api_v3&utm_medium=api_v3_graphql&utm_source=bMPz0NoFK6qQZAimQncxVw,"{'city': 'Brooklyn', 'postal_code': '11235'}","{'latitude': 40.5838899, 'longitude': -73.94784}"
Draft Barn,draft-barn-brooklyn-3,ibTjqHbbBqctjzJLtyUmRw,67,3.5,https://www.yelp.com/biz/draft-barn-brooklyn-3?adjust_creative=bMPz0NoFK6qQZAimQncxVw&utm_campaign=yelp_api_v3&utm_medium=api_v3_graphql&utm_source=bMPz0NoFK6qQZAimQncxVw,"{'city': 'Brooklyn', 'postal_code': '11223'}","{'latitude': 40.59056, 'longitude': -73.97133}"
The Velvet Rope Lounge,the-velvet-rope-lounge-brooklyn,mWJow6OmyqOItbPUGNURwQ,63,3.0,https://www.yelp.com/biz/the-velvet-rope-lounge-brooklyn?adjust_creative=bMPz0NoFK6qQZAimQncxVw&utm_campaign=yelp_api_v3&utm_medium=api_v3_graphql&utm_source=bMPz0NoFK6qQZAimQncxVw,"{'city': 'Brooklyn', 'postal_code': '11235'}","{'latitude': 40.5774664, 'longitude': -73.9597696}"
End Zone Sports Bar & Lounge,end-zone-sports-bar-and-lounge-brooklyn-2,fiAlkC97QY9bUNOghKT9lQ,6,5.0,https://www.yelp.com/biz/end-zone-sports-bar-and-lounge-brooklyn-2?adjust_creative=bMPz0NoFK6qQZAimQncxVw&utm_campaign=yelp_api_v3&utm_medium=api_v3_graphql&utm_source=bMPz0NoFK6qQZAimQncxVw,"{'city': 'Brooklyn', 'postal_code': '11235'}","{'latitude': 40.58437, 'longitude': -73.9453}"
The Gather Inn Again,the-gather-inn-again-brooklyn,HUSbdxCau6rw1eIyYvdsHQ,33,4.0,https://www.yelp.com/biz/the-gather-inn-again-brooklyn?adjust_creative=bMPz0NoFK6qQZAimQncxVw&utm_campaign=yelp_api_v3&utm_medium=api_v3_graphql&utm_source=bMPz0NoFK6qQZAimQncxVw,"{'city': 'Brooklyn', 'postal_code': '11229'}","{'latitude': 40.5928247988916, 'longitude': -73.9252458686653}"
Nirvana,nirvana-brooklyn,0vsGDvo1kbDI4nQr8gUI3g,87,3.0,https://www.yelp.com/biz/nirvana-brooklyn?adjust_creative=bMPz0NoFK6qQZAimQncxVw&utm_campaign=yelp_api_v3&utm_medium=api_v3_graphql&utm_source=bMPz0NoFK6qQZAimQncxVw,"{'city': 'Brooklyn', 'postal_code': '11223'}","{'latitude': 40.5999, 'longitude': -73.96172}"
Tap Beer,tap-beer-brooklyn-4,xokJMmYZ53dWMgKBiiPGGg,18,3.0,https://www.yelp.com/biz/tap-beer-brooklyn-4?adjust_creative=bMPz0NoFK6qQZAimQncxVw&utm_campaign=yelp_api_v3&utm_medium=api_v3_graphql&utm_source=bMPz0NoFK6qQZAimQncxVw,"{'city': 'Brooklyn', 'postal_code': '11235'}","{'latitude': 40.584169, 'longitude': -73.950576}"
Love 69 Bar,love-69-bar-brooklyn,yuAfAxo6X0Afcz9l2cwJ8A,26,3.0,https://www.yelp.com/biz/love-69-bar-brooklyn?adjust_creative=bMPz0NoFK6qQZAimQncxVw&utm_campaign=yelp_api_v3&utm_medium=api_v3_graphql&utm_source=bMPz0NoFK6qQZAimQncxVw,"{'city': 'Brooklyn', 'postal_code': '11235'}","{'latitude': 40.588016, 'longitude': -73.955923}"
Cave Restaurant,cave-restaurant-brooklyn,GJHwyih4yxqzEezhStVTaQ,75,3.0,https://www.yelp.com/biz/cave-restaurant-brooklyn?adjust_creative=bMPz0NoFK6qQZAimQncxVw&utm_campaign=yelp_api_v3&utm_medium=api_v3_graphql&utm_source=bMPz0NoFK6qQZAimQncxVw,"{'city': 'Brooklyn', 'postal_code': '11223'}","{'latitude': 40.5955467224121, 'longitude': -73.973762512207}"
Skyline Billards & Bar,skyline-billards-and-bar-brooklyn,m9PE4HQ1gnRYDfp855kFQg,12,4.0,https://www.yelp.com/biz/skyline-billards-and-bar-brooklyn?adjust_creative=bMPz0NoFK6qQZAimQncxVw&utm_campaign=yelp_api_v3&utm_medium=api_v3_graphql&utm_source=bMPz0NoFK6qQZAimQncxVw,"{'city': 'Brooklyn', 'postal_code': '11223'}","{'latitude': 40.590702, 'longitude': -73.9736823}"
Estelle Cafe Lounge,estelle-cafe-lounge-brooklyn-3,8h5HzKRvnmacOR7dxvXmJQ,32,2.5,https://www.yelp.com/biz/estelle-cafe-lounge-brooklyn-3?adjust_creative=bMPz0NoFK6qQZAimQncxVw&utm_campaign=yelp_api_v3&utm_medium=api_v3_graphql&utm_source=bMPz0NoFK6qQZAimQncxVw,"{'city': 'Brooklyn', 'postal_code': '11229'}","{'latitude': 40.59912, 'longitude': -73.95274}"
Conquistador Cigar Parlor,conquistador-cigar-parlor-brooklyn,MTlQzFPConjdtZRMWjYB_w,7,3.5,https://www.yelp.com/biz/conquistador-cigar-parlor-brooklyn?adjust_creative=bMPz0NoFK6qQZAimQncxVw&utm_campaign=yelp_api_v3&utm_medium=api_v3_graphql&utm_source=bMPz0NoFK6qQZAimQncxVw,"{'city': 'Brooklyn', 'postal_code': '11223'}","{'latitude': 40.59793, 'longitude': -73.960862}"
Crab Du Jour Xpress - Brooklyn,crab-du-jour-xpress-brooklyn-brooklyn,M2p0mB8yWNKY9QBMcGcCgw,6,3.0,https://www.yelp.com/biz/crab-du-jour-xpress-brooklyn-brooklyn?adjust_creative=bMPz0NoFK6qQZAimQncxVw&utm_campaign=yelp_api_v3&utm_medium=api_v3_graphql&utm_source=bMPz0NoFK6qQZAimQncxVw,"{'city': 'Brooklyn', 'postal_code': '11235'}","{'latitude': 40.590552, 'longitude': -73.939303}"
Penthouse Lounge Bar,penthouse-lounge-bar-brooklyn,JJ0vb8jp3Qj91ESPiuj66g,4,3.0,https://www.yelp.com/biz/penthouse-lounge-bar-brooklyn?adjust_creative=bMPz0NoFK6qQZAimQncxVw&utm_campaign=yelp_api_v3&utm_medium=api_v3_graphql&utm_source=bMPz0NoFK6qQZAimQncxVw,"{'city': 'Brooklyn', 'postal_code': '11235'}","{'latitude': 40.583995, 'longitude': -73.94697}"
Tamaqua Bar & Marina,tamaqua-bar-and-marina-brooklyn,SCTIio8NX0WJVrKA-8DuXw,1,5.0,https://www.yelp.com/biz/tamaqua-bar-and-marina-brooklyn?adjust_creative=bMPz0NoFK6qQZAimQncxVw&utm_campaign=yelp_api_v3&utm_medium=api_v3_graphql&utm_source=bMPz0NoFK6qQZAimQncxVw,"{'city': 'Brooklyn', 'postal_code': '11229'}","{'latitude': 40.5939674377441, 'longitude': -73.9299163818359}"
Beach Bar,beach-bar-brooklyn-2,jUJwVMKnE9gzqhMizTz84Q,3,3.5,https://www.yelp.com/biz/beach-bar-brooklyn-2?adjust_creative=bMPz0NoFK6qQZAimQncxVw&utm_campaign=yelp_api_v3&utm_medium=api_v3_graphql&utm_source=bMPz0NoFK6qQZAimQncxVw,"{'city': 'Brooklyn', 'postal_code': '11229'}","{'latitude': 40.592744, 'longitude': -73.925346}"
Night Light Cafe,night-light-cafe-brooklyn,JnrgD8ywRZriVIXWJQlq6g,1,3.0,https://www.yelp.com/biz/night-light-cafe-brooklyn?adjust_creative=bMPz0NoFK6qQZAimQncxVw&utm_campaign=yelp_api_v3&utm_medium=api_v3_graphql&utm_source=bMPz0NoFK6qQZAimQncxVw,"{'city': 'Brooklyn', 'postal_code': '11235'}","{'latitude': 40.5864334106445, 'longitude': -73.951904296875}"
U Caffe,u-caffe-brooklyn,bj7tTkKNA9jTvR77HQBUfA,1,4.0,https://www.yelp.com/biz/u-caffe-brooklyn?adjust_creative=bMPz0NoFK6qQZAimQncxVw&utm_campaign=yelp_api_v3&utm_medium=api_v3_graphql&utm_source=bMPz0NoFK6qQZAimQncxVw,"{'city': 'Brooklyn', 'postal_code': '11223'}","{'latitude': 40.59789, 'longitude': -73.96383}"
El Tequilero Bar & Restaturant,el-tequilero-bar-and-restaturant-brooklyn,q7KxBfDL2xs0kPgr6i48sg,1,1.0,https://www.yelp.com/biz/el-tequilero-bar-and-restaturant-brooklyn?adjust_creative=bMPz0NoFK6qQZAimQncxVw&utm_campaign=yelp_api_v3&utm_medium=api_v3_graphql&utm_source=bMPz0NoFK6qQZAimQncxVw,"{'city': 'Brooklyn', 'postal_code': '11223'}","{'latitude': 40.5980903160683, 'longitude': -73.9605802703617}"
